Username,Password,Role
vbudnik0,opjhvR174,Guest
acharville1,kkfuxD252,Staff
dkirby2,vtrnkZ513,Guest
ythornbarrow3,unorvD710,Staff
gcrilly4,mladsB026,Guest
tdovydenas5,jsvpzO129,Guest
rkeast6,argugT647,Guest
clomasney7,qzxzpS176,Guest
desby8,jcchyI255,Guest
cjemison9,gjnhnK858,Guest
tchowna,lzzraU230,Guest
qcobainb,lreadX602,Guest
uscollickc,yrdqaK050,Guest
aautried,htwzaJ791,Staff
bransome,mpbwvM512,Guest
lmcleoidf,slresS931,Guest
rhadcroftg,gvaetY044,Guest
jcleynmanh,ollazC389,Guest
ebindeni,dzcedG636,Guest
gnewvellj,iyoqoF721,Guest
rlaundonk,vtuwjK566,Guest
vdewintonl,qkyjjH862,Guest
asimm,dextwR292,Guest
rstanyann,llvwzT883,Guest
egroviero,cfjgcE960,Guest
nkrysztowczykp,fwxccA705,Staff
cclipsonq,mgzeqD124,Staff
rrickabyr,oxwwkY477,Staff
abrennens,ypjovP798,Guest
gmccalumt,nbqwjM738,Guest
ltrevettu,vzlkeQ325,Guest
jbaffv,olaabE018,Guest
edungew,lpklaO699,Guest
nbergeaux,wmdwpB567,Guest
npillery,roamyW739,Guest
maxtellz,eweobR135,Guest
wcains10,nszinJ769,Staff
rcorwood11,vvyjnZ686,Guest
rackerley12,nuhdcQ457,Guest
atallow13,kdftmE454,Guest
dtatters14,hkqpaF741,Guest
qdutt15,mjnqwD421,Staff
cderwin16,eluesK975,Guest
nchadderton17,ivaegI236,Guest
rwoolager18,borgbA265,Staff
dbullon19,dfbddV270,Guest
hpashbee1a,mqvmsY003,Guest
cgethins1b,moepuZ209,Staff
idisbury1c,zoqvkN360,Guest
hlockett1d,shpdfE891,Staff
kcoop1e,lscwoG272,Staff
lchristal1f,fwuavD541,Guest
blestrange1g,ojgelC339,Guest
gvlahos1h,dpazxO126,Guest
lmackinder1i,upqosP534,Staff
dlandreth1j,jrqmbM363,Guest
fjoselovitch1k,vzhvzT975,Guest
rflattman1l,bzhryP261,Staff
pramalho1m,jnjbpI830,Staff
mpaulley1n,xfothW430,Guest
blorimer1o,ppcsiP633,Guest
asnoddy1p,ingpoM603,Guest
fmyrtle1q,aztalF099,Staff
kcanedo1r,yyjcyJ007,Staff
rhiscocks1s,mqsqaX572,Guest
acolrein1t,galipX389,Staff
hlinger1u,ptaxnZ349,Guest
zbest1v,elelnT011,Guest
wortet1w,cuewhP200,Staff
pcallow1x,votuvL327,Staff
bbrason1y,vvedcZ263,Guest
jglavias1z,sikdnA191,Guest
dgreenhall20,zvfhkU486,Guest
abatstone21,zmzfzE271,Guest
vmager22,drmukC432,Guest
dollarenshaw23,ishdtK721,Staff
cedgcombe24,jozrbP828,Guest
aheadon25,wfnkrW827,Guest
ldebling26,dmrhjD853,Staff
spyner27,ovonrM726,Guest
emaynard28,tbjzdF596,Guest
tharrower29,ydgihO529,Staff
ybardsley2a,drcoeV213,Guest
targontt2b,gqsgsW050,Guest
icahillane2c,ptjbxH196,Guest
beverley2d,toftjV316,Guest
jegel2e,txkzdF710,Guest
qbehnecken2f,eufihP875,Guest
sbegwell2g,dwhdzE652,Guest
shacker2h,mwvmkC556,Guest
fklulicek2i,wdievR195,Guest
mhowcroft2j,hmiynM600,Staff
rsibille2k,ewaogH800,Guest
nbadini2l,pldmzN828,Staff
cgissop2m,xqpmwC094,Guest
rkillingbeck2n,egeeuT184,Guest
vblythin2o,vejjjU763,Guest
agabe2p,dsljoE322,Guest
dandress2q,tjuldF834,Guest
dbeddo2r,ivzdgF424,Guest
astive2s,rfevuF273,Staff
djendrusch2t,zwlquF082,Guest
ceadie2u,eourfO298,Staff
msingyard2v,abnhwN455,Guest
yjann2w,vytldQ326,Staff
ccardenas2x,athevB409,Guest
etallis2y,diycgE238,Guest
sbowdler2z,toaayZ308,Staff
hubach30,lwsrkT906,Guest
mskipping31,kvxldO510,Staff
tbrumfield32,buxclI969,Guest
ksoot33,nocnrE680,Guest
hlanda34,xoggpY620,Guest
aratie35,pqvyfT519,Staff
svobes36,vqayrB002,Guest
jmarzellano37,ydlyuB404,Staff
lpasley38,zmkszQ641,Guest
jhollingsby39,syqhkJ049,Guest
bsymms3a,ilzvuT485,Guest
gandrys3b,ymfpvY094,Staff
ffenelon3c,wklizY426,Guest
cangear3d,cpgsiG562,Guest
klukianov3e,efckuL227,Guest
rmckleod3f,zlckgZ796,Staff
csilbert3g,doevyK744,Guest
spiercey3h,qkcmqQ122,Guest
jdorie3i,okzugP598,Guest
mgrint3j,sgmrhP196,Guest
tdaybell3k,dmwrvF370,Staff
macres3l,wuqieN719,Guest
dmattisson3m,hoikfP369,Guest
gtucknutt3n,uvglpJ767,Staff
cfleischmann3o,yscrrL207,Guest
jbraywood3p,npmedS713,Guest
lanten3q,zovbtZ257,Guest
gfoort3r,xgcizH334,Guest
astarkings3s,eswkfN095,Guest
tgodwin3t,mfmbuJ070,Guest
ctomaello3u,prelgM162,Guest
etiddy3v,vswxxY292,Guest
fambrosch3w,wvtgqA735,Staff
mjiri3x,smdpqZ931,Guest
jmcphelim3y,alzuaL811,Guest
kflucks3z,vradoJ528,Staff
nposnett40,jcxujA719,Guest
aeslinger41,edmtbP469,Guest
cstarsmeare42,oontwH633,Guest
alillgard43,itxpjG909,Guest
gblankenship44,fclscC326,Staff
qgaskamp45,uasuyY993,Guest
spreist46,oukfyV839,Guest
tjerke47,igftcV214,Guest
cgratten48,tugrfW813,Staff
srustan49,bhcoeA558,Guest
csabben4a,jmuheZ639,Guest
hremer4b,przwrQ507,Staff
gschultheiss4c,izwyjQ536,Staff
sbriiginshaw4d,tdalrS292,Staff
mchooter4e,aceufI813,Guest
pchue4f,wpiodB895,Guest
cingley4g,wwddcR476,Staff
alindop4h,wedbcY580,Guest
mvanyutin4i,rvfesV036,Guest
kgarnam4j,rurljE909,Staff
manan4k,cuxvyS239,Guest
dmeighan4l,mjlakT236,Guest
gmimmack4m,fjhvsW019,Guest
smacfarland4n,rgtkuQ273,Guest
doxnam4o,hyzzmM942,Staff
jnann4p,szkqeG556,Staff
nrhule4q,byckpK211,Staff
ktoll4r,zqifiF482,Guest
rstanway4s,sflfrY342,Guest
owarcop4t,mftwtK035,Guest
vhorsey4u,xojnqF072,Guest
amurrill4v,pmkxhJ481,Guest
plount4w,bjfpvP937,Guest
jlittell4x,xrjdqS315,Guest
jkytter4y,deeujA121,Guest
tcreagh4z,rjsaoF030,Guest
ncurgenuer50,hvkayY455,Guest
wstrugnell51,icflaZ037,Staff
ueggleton52,qfblaV065,Guest
bgornar53,znpomG884,Guest
amcconachie54,uirrzZ619,Guest
rkear55,fnmtoF804,Guest
jtwomey56,nvjxaZ895,Guest
kpassy57,zowmmS549,Staff
sferroni58,sxcceT816,Guest
htollfree59,kyxncF715,Staff
vstapley5a,fvoehQ208,Staff
ncotter5b,igmomO187,Guest
flanning5c,yjmsiK797,Guest
sjirka5d,cxhnuD010,Guest
risham5e,jaoilL802,Guest
lbiles5f,nuicdX993,Staff
cproske5g,amrapQ557,Guest
pnulty5h,jbwmuS708,Guest
cpavlenkov5i,ztwtiA934,Guest
bcannavan5j,fxgovV188,Guest
dwestley5k,gcfbjF619,Guest
aseal5l,grioaE159,Guest
cgarrold5m,ieidwM107,Staff
bjerosch5n,rcuiuK831,Guest
rjorck5o,qkewdO963,Guest
nedmead5p,lgrlaJ464,Staff
twortley5q,tebciR639,Guest
kshellum5r,shfaxX587,Guest
nconfort5s,pklfxG703,Guest
vlawley5t,dzfieD818,Guest
rsanford5u,xvjsdR119,Guest
nbierton5v,xmjilX330,Guest
bfosdike5w,vsjhzX190,Guest
xwetherick5x,dfddrV991,Guest
srolstone5y,kdcrqM796,Staff
mbache5z,synxbE439,Guest
pspires60,rbogpR400,Staff
belvins61,iwcrjQ690,Staff
tskitral62,gipbqZ450,Guest
mvahey63,mdvxyV755,Guest
vserrurier64,kdmzhW556,Staff
cshearme65,nnqebI930,Guest
bkarpman66,xnujnX287,Staff
mantusch67,ifubmP224,Staff
bgrelka68,vbnthC408,Guest
pwhittock69,znadmP671,Guest
amcgreal6a,vyexiZ945,Staff
dknevet6b,zlniwY367,Guest
aisley6c,drusbT858,Guest
htruman6d,izwiwQ369,Staff
rmufford6e,rbphsW401,Guest
ccolgrave6f,mnsujV477,Guest
jcampey6g,zglbhF043,Guest
gnapton6h,lllpkK977,Guest
ebrammar6i,orjdjR419,Guest
flithcow6j,kqolwB377,Guest
bfaltskog6k,nijbrP759,Staff
tpetheridge6l,cqimmX375,Guest
lweightman6m,fxodtZ034,Guest
npenas6n,gywqsU978,Guest
vstrutton6o,frttmW924,Guest
bmanford6p,fvwnwH424,Guest
emacmenamin6q,ngmxjI167,Guest
vpett6r,swzgyR362,Guest
naspinal6s,cnzolL880,Staff
shutchason6t,zgnmdQ159,Guest
dyeandel6u,ljibcJ020,Guest
vtunbridge6v,qanulP527,Guest
lcastilljo6w,ryrobG447,Staff
merni6x,cjmoeW842,Guest
rsanja6y,fnjukR426,Guest
hputnam6z,fimkfF147,Staff
dmcging70,lowevU093,Guest
sstemp71,brtsgD036,Guest
ltickle72,acrnyH994,Guest
lgrattage73,yhnbdS295,Guest
lmoreinis74,rjlekZ963,Guest
ghiscoke75,suvqlC644,Staff
smorson76,obfevK184,Guest
acantera77,fmbpyS594,Guest
ehanstock78,cidkeA776,Guest
pfilipson79,muguiD977,Guest
tmcknockiter7a,aoqnyX025,Staff
jbrassington7b,xxkjoZ655,Guest
honslow7c,ahlgfM295,Guest
bmagnus7d,ixefrU387,Staff
csapson7e,tueieX772,Guest
dmullen7f,wizwvE430,Staff
ljacobowicz7g,jaljhX097,Staff
agratton7h,tsobgC620,Guest
fharsnipe7i,jpdjcX920,Guest
lhelstrom7j,jrukdD124,Guest
mbrettor7k,pprjdI448,Guest
apeasby7l,yyvqwD558,Staff
slethbridge7m,sbqxkI311,Guest
csnedker7n,sinfzF227,Staff
mmuckart7o,hlcvpV899,Guest
nmclaughlan7p,tsenjQ955,Guest
ymoggie7q,msoazS384,Guest
edahler7r,csysgK963,Guest
slewzey7s,hdugdU539,Guest
nespin7t,qgdacM424,Guest
ajovic7u,eowoaS982,Guest
arickarsey7v,tuvjsZ631,Guest
tmcdirmid7w,nrcbuC424,Guest
leadon7x,obrqgO730,Staff
xmclorinan7y,rtoqcB135,Guest
nboleyn7z,edyanO761,Guest
iyankeev80,yeoqoJ945,Guest
dpurdom81,qaxhkR976,Guest
jstuke82,eepovB938,Staff
lcrix83,dtbryC799,Guest
abiffen84,uzcfxW433,Guest
clammertz85,gigymM246,Guest
cdodman86,yhogjG225,Guest
tpichmann87,uhswyR669,Staff
dpurkis88,uxlqyL025,Guest
ameaking89,ltwsyR302,Guest
cickeringill8a,twcesB176,Guest
dclemintoni8b,kyirpI426,Staff
hbultitude8c,rbcypV561,Guest
aizzett8d,ouxevT042,Guest
kdyet8e,wlbtqE177,Guest
mbinnes8f,lvimnR624,Guest
gcollidge8g,qyzpcD866,Guest
evreede8h,vnpazV061,Guest
lcarrodus8i,pxlheX136,Staff
akleinerman8j,uapieM255,Staff
wpickerell8k,qtkitY117,Guest
nrosenberg8l,uybkvK694,Guest
tsidworth8m,inrbhW367,Guest
sjeskins8n,cxpqeX560,Staff
ycobden8o,cfvxoY811,Guest
kvarren8p,txwbpP149,Staff
dwhitehouse8q,xziupJ927,Guest
wspurden8r,vnhzhJ625,Guest
wwindross8s,eikznU910,Guest
cingon8t,zvgqcH671,Guest
asinnett8u,mhlytG447,Guest
idoodney8v,mufywV871,Guest
ggiordano8w,hamxiC461,Guest
edran8x,xodnnN847,Staff
kmartin8y,kvqmzP568,Guest
efriskey8z,izadhC778,Staff
hcattel90,vnwioA092,Staff
wedyson91,asxhhV484,Guest
astroban92,xdxamA167,Guest
rcackett93,jmcrqS855,Staff
dwilstead94,naexaI269,Staff
fpamphilon95,rrzuvJ058,Guest
wbatiste96,chhgtD956,Staff
gpordal97,akydgG597,Guest
vmorit98,wpkkiZ841,Guest
dsmedley99,opwmgD051,Guest
lpavlasek9a,dcxdtQ073,Guest
rgolton9b,rkfdqF306,Guest
jwildt9c,ktfgvW100,Staff
cburchett9d,blasdD733,Guest
sconaboy9e,ownjkP141,Guest
efluit9f,aqsetJ641,Staff
enuscha9g,ghgovY162,Guest
zgillinghams9h,ldrtxZ014,Staff
dalbrooke9i,frzvfA322,Guest
pluetchford9j,imtqnX066,Guest
cdiggle9k,ufxfvU391,Guest
lmunnion9l,agvzhJ674,Guest
ebunney9m,qwyrpX781,Guest
astannett9n,txqiuT816,Guest
tkeaves9o,jvzgmZ856,Guest
ddurkin9p,vejmgW565,Guest
awoolgar9q,vdptwO789,Guest
terdis9r,jxeyeN134,Staff
ciffe9s,ufkmzB332,Guest
wvize9t,xmsmjD807,Guest
cmacmoyer9u,xzdfgZ703,Guest
mrolls9v,alhdiP126,Guest
abicheno9w,vcuymD601,Staff
gwilley9x,rexyrU958,Guest
dgonnely9y,ubeyeW140,Guest
gsackler9z,mgysnX923,Staff
jpettingera0,cxueqU391,Guest
bshevella1,yzqkiE680,Staff
mbrigga2,akbabR988,Guest
ldavidofskia3,yasmaZ598,Guest
espikinsa4,mlpagU261,Guest
mteersa5,xehwcE972,Guest
tgarmeya6,xbljtO360,Staff
wspadaroa7,knuirM288,Guest
mgundersona8,omccaS796,Guest
jsweedlanda9,cbgwrL705,Guest
rlaurentaa,tpvugQ101,Guest
skeesab,mmebeJ452,Guest
jbartropac,wptehZ798,Guest
araubenheimersad,lwiyxO765,Guest
jdumphriesae,bfjcyP659,Guest
ejoshamaf,nohgbD408,Staff
aharnettag,ooqlcB557,Guest
dlockah,ggdmoX378,Guest
destoileai,iamgaD790,Guest
gandreazziaj,isyqsO857,Staff
mhrusak,vpqxmQ803,Staff
ksilbyal,oimhfI559,Guest
estanyardam,cwxopP240,Guest
acreanyan,hqbaiB050,Guest
jbrysonao,txrefU331,Guest
jogleasaneap,rqjffH920,Guest
kkornyakovaq,lokukA278,Staff
bsoppitar,kqhdoF364,Staff
mvictoras,ftrqeZ912,Guest
bplayfordat,wguqtX500,Guest
sheggmanau,sgqciL153,Guest
btreagustav,udpfjV012,Guest
croomeaw,ysbphD338,Staff
gjeansax,kuyuwP592,Guest
pwordleyay,pvhofC026,Staff
cpiwallaz,xkuzgG004,Guest
clagdenb0,gkfwhO480,Guest
marnetb1,brsadI055,Staff
edowgillb2,ojgfuP351,Staff
bshortlandb3,zohryV529,Guest
jgrixb4,qggvkG727,Staff
akeyworthb5,ljeagB768,Staff
bjeromeb6,ialdoP995,Staff
estraffordb7,yynorB040,Guest
mhullerb8,qitkdH213,Staff
mcrittenb9,dxwqlV041,Guest
nruberryba,grufxF912,Guest
kcardozobb,okddaG499,Guest
delvesbc,jtqkxZ995,Guest
treynabd,anplyL764,Staff
jhitterbe,wvcvpV478,Guest
eshawcroftbf,molobA874,Staff
jsporebg,dpqjrO990,Staff
rmachinbh,sggdfY947,Guest
eorneblowbi,jfkvjB552,Guest
klaxtonnebj,fbuihD045,Staff
psherabk,cuppbW129,Guest
astevensbl,phpztS534,Guest
cbacklerbm,zowqcE460,Guest
eloveardbn,pvrxoC613,Guest
eelsegoodbo,pwbmwK145,Guest
egiovannaccibp,ijnxqD466,Guest
dmicklewiczbq,ybvqyO750,Guest
gbuckneybr,cqhdhP034,Guest
mairesbs,mvhduL364,Guest
gmulchronebt,iforxC054,Guest
jhuntingtonbu,nsortO370,Guest
jgerkensbv,emadaC679,Guest
lcorringtonbw,cyspmT679,Guest
hbastenbx,zvmsbG655,Guest
erapinettby,ixsqiG394,Guest
dbehrensbz,aanjyL340,Guest
gmackilroec0,zlkotY788,Guest
mproudleyc1,citzsX429,Guest
cdruganc2,ndradH706,Staff
eantonellic3,mdvfrK567,Staff
umcdyerc4,clxhfB795,Staff
ffozardc5,urkvfF023,Guest
ssevernc6,tlabcA924,Guest
icamockc7,athngW491,Guest
paimsonc8,gxzoiY975,Guest
egahaganc9,kdcdqD941,Staff
lgloverca,sxiqmD398,Guest
rlanchberycb,dferwF829,Staff
dgregoriocc,ofsgmO716,Guest
tgriffencd,ueoejM665,Guest
cskeemorce,gaoksW275,Guest
odobrowlskicf,hdwawL440,Guest
gerrowecg,ehvscV025,Staff
csansunch,fuvyrI812,Guest
pgrabenci,vmjgzV379,Guest
fpelecj,pjsbfN220,Guest
tbeiningck,pftmiR769,Guest
bbutterworthcl,jehbuY726,Guest
broiscm,cdtuwI110,Staff
cmaccartneycn,rpmvgH907,Guest
abereco,bkdphE454,Guest
ppeckhamcp,wwojxR348,Guest
jsingyardcq,nbrawG749,Guest
rpendergrastcr,bouwhJ513,Staff
rivorycs,uokhxO123,Guest
blamputtct,yumnnO484,Guest
clhommeecu,bvxmmE120,Guest
kfairleighcv,wrhebN650,Guest
nbernadotcw,aukqzS505,Guest
sboncoeurcx,vhgaiF277,Guest
igrindlaycy,gfdqkV399,Guest
ababstcz,gadkrB861,Guest
smanghamd0,ngcyaH655,Guest
ntroutbeckd1,ntwdnK206,Staff
ublackmoord2,lmlkzE839,Guest
aklimpked3,ncezzV998,Guest
kgraverd4,uyeekI044,Guest
acocozzad5,mqmjwE272,Staff
rlohoard6,uuhwaT441,Staff
adudneyd7,pffglN216,Guest
lcrittend8,gycvxS139,Staff
llined9,pwvocI196,Guest
tzecchinida,ngvehD614,Staff
sgimenodb,ancafU514,Guest
alinnarddc,xrmssX440,Guest
easbreydd,akifnC761,Guest
mstockneyde,vokanJ275,Guest
bsturtondf,kkzueN467,Guest
vkynochdg,schciD600,Guest
jellingsworthdh,zqpjsN090,Guest
pcondondi,osthfS535,Staff
scamidgedj,egqfsU737,Guest
vgregsdk,gzuuvY452,Staff
lhammeldl,lkgkmS861,Guest
pbantickdm,mjkqnS848,Staff
aklamptdn,dvmbgR801,Guest
jmellsopdo,ubbkwF431,Guest
btoulsondp,ryvkuB582,Staff
tbernlindq,fvsxhI758,Guest
mogilviedr,bqkwiF173,Guest
dhunds,fjzfkD252,Guest
tmacveighdt,twmnfF073,Guest
mtrekerdu,dqnwhB915,Guest
ehallsworthdv,ocownS770,Guest
ggrocockdw,arjvtT285,Guest
czaniolodx,awjbkN223,Guest
lknellerdy,juvtjQ150,Staff
rcrottydz,uizbyX286,Staff
kbackshille0,vkxfcC232,Guest
mmappe1,chzidQ014,Guest
fhirjake2,ftnfiP456,Guest
bmullanye3,unegrX844,Staff
dstorye4,oajlwS747,Guest
eroncae5,flnejH969,Guest
mcrowde6,conmyT362,Staff
nscimonie7,gvpqyF629,Guest
deschalottee8,dxqzhA859,Staff
sgiottoe9,lsgviZ324,Guest
hsnawdenea,xbwheV808,Staff
pstanfieldeb,wuuygW836,Guest
fwinserec,jpvfgW836,Guest
dgreenmaned,czzcwV809,Guest
wsanchisee,ucymjR923,Guest
ntravisef,ytcevJ627,Guest
ssimonyieg,qgpgmV010,Staff
khilbourneeh,dqqutL603,Guest
zgrundellei,owsxzM814,Staff
ecarrattej,ozbfkT101,Guest
tmazziaek,xlbnzD951,Guest
nferrarel,tllnhL646,Staff
ccantleem,ilxsyB082,Guest
zmcilwreathen,etmoaQ296,Staff
dgillingseo,phcylM443,Staff
cebbrellep,nqbkvT137,Staff
zjedrysikeq,mchuuF322,Guest
ebrendisher,fghlyF508,Guest
ccroftes,raptqI814,Guest
sgittenset,vhhuoZ202,Staff
helgereu,inkhoM962,Guest
jgingerev,qggwjR726,Guest
ilesekew,dkeodF761,Guest
dmuncasterex,hspziI822,Guest
brosenboimey,bhqkvN684,Staff
nchaggez,knxelC176,Guest
dreggiof0,zncgxM188,Guest
bschultzef1,onjsnA878,Guest
plinfieldf2,rjvqhP351,Staff
bidelf3,ouopyG243,Staff
aludfordf4,oatzgV183,Guest
cabbottsf5,uekolG089,Guest
dmacaulayf6,szuvuJ045,Staff
ejermynf7,emeibG134,Guest
lmeaf8,xpdmyF831,Staff
rborderf9,szfulW921,Guest
lkillingsworthfa,cuhzvG476,Guest
eaverillfb,smfkyU152,Staff
lhenkefc,obnyyT770,Staff
dcescotifd,jqmkiF424,Guest
lbortolfe,mhpdaL791,Guest
discowitzff,gjffwH479,Guest
lpitceathlyfg,qplwpC599,Guest
sbourkefh,fvkktD283,Guest
scassiefi,macdfE145,Guest
mslaymakerfj,eearyD300,Guest
acrowfk,yjpsmH049,Guest
gworldfl,osjcbY395,Guest
sportmanfm,pkdycM680,Guest
gflewettfn,bromuP622,Guest
tsoreaufo,apfyxM681,Guest
selmsfp,vxwbnZ010,Guest
dankrettfq,amhblT576,Guest
egyvesfr,ukyrtT556,Guest
lwiddopfs,pbomhM363,Staff
limminsft,bfthnE226,Staff
elardnerfu,visiqC299,Guest
zglasbeyfv,hqywtZ850,Guest
sorpynefw,ebjluN252,Staff
acongramfx,xpwgbP889,Guest
jswalwellfy,gxqdpG120,Guest
vtolworthiefz,jgmckB300,Guest
valldreg0,bjlewS405,Guest
mbalmforthg1,mvnzpA196,Guest
kgibbettsg2,nksgxP670,Guest
mtromansg3,ziytbG173,Guest
vtedorenkog4,atlafN570,Guest
pcawderyg5,byawqT871,Guest
cserotg6,pdibcI033,Staff
irenackownag7,nlayaX424,Guest
idowneyg8,gkdbzS595,Guest
jseakingsg9,qzuduH320,Staff
njeffersga,esjyaX856,Guest
egheeraertgb,thnceI464,Staff
hsmileygc,vdrnvA061,Guest
fslatefordgd,ecbjvS501,Guest
afawksge,dqctfS891,Guest
djarrygf,uwijiG072,Guest
sstruttmangg,ygkatO208,Staff
akeemergh,ixuyfC608,Guest
kprobategi,ceghcG667,Guest
jgallongj,ibqciD866,Staff
sbrahmsgk,lvnnyZ516,Guest
cbeardmoregl,quhakO352,Staff
aclemendotgm,fyugbJ007,Guest
wsooleygn,uwbqlV159,Guest
jskusego,pjvqiN520,Guest
mfellonagp,iyoshO035,Guest
mdiemergq,cumhvT278,Guest
itincombegr,rtybfI638,Guest
ktallowings,yxmfkI941,Guest
fricharzgt,wsrdqO968,Guest
creddellgu,qmwgoO770,Guest
ttrattlesgv,fskksS152,Guest
cmatyjagw,uidgbN456,Staff
dbrigmangx,ykkikZ354,Guest
ajergergy,fogzkE692,Guest
jsmeegz,eyfgoF818,Staff
lrehorh0,bojstF995,Staff
wmollinh1,pfqewS314,Guest
mgablerh2,ofhigH108,Staff
arannaldh3,fjtbpS947,Staff
wdanbyh4,xfztpB049,Guest
aduffynh5,remndI862,Guest
bcarlosh6,acaphN835,Guest
jskitth7,xskszV796,Guest
atrussellh8,onwpnY674,Staff
fcarletth9,vakheN254,Guest
mboastha,lwbofM640,Guest
dkingshotthb,sxunpK548,Guest
egrassickhc,qxdjdJ387,Staff
vbrattenhd,jtbcfY292,Staff
raggiohe,ivyxqI208,Guest
astraffonhf,prsahO507,Staff
asalleryhg,pxchtA305,Guest
wcordsenhh,tvgqbT933,Guest
snorthleyhi,esqhrO812,Staff
lgaulhj,bqcqwK410,Staff
oartonhk,teeofM725,Guest
edenziloehl,jykajQ478,Guest
ldolbeyhm,kiaoiA767,Guest
bpatehn,fdxcxW902,Guest
dcrollmanho,gzhboA159,Guest
ajoskowiczhp,njagnG507,Staff
hklulisekhq,thvktU810,Guest
redmondsonhr,zbyhoP638,Guest
aablotths,knxtfW511,Staff
nsamsinht,uxcbwQ481,Guest
aaylinhu,tlcolJ673,Guest
bagghv,rkapyS040,Guest
kkedgehw,xmghoC245,Guest
ebulliventhx,uiowkU871,Guest
gshalcrashy,effguM479,Guest
tfeehamhz,zkdfxF798,Guest
tmaggiorei0,ncbsqY187,Guest
hfreeburni1,xiyhqV825,Guest
cteschei2,crtolL452,Guest
tpouletti3,hddwzU736,Guest
kpittendreighi4,ynsuhZ791,Guest
clovejoyi5,messjA400,Guest
djerzaki6,zvmywT375,Guest
trichardini7,wzeezP748,Staff
cmcgrathi8,qafxpY669,Staff
mcastani9,ifdfuA146,Guest
gwallworthia,kgotrF501,Guest
dmurreyib,apxzcG248,Guest
bjellmanic,phdijW991,Staff
gdengeid,pnbviF231,Guest
abourie,qegwvO140,Guest
wmagnayif,jextkE777,Guest
trickhussig,kisihH435,Guest
stwelvesih,yypwfD697,Staff
cjekelii,wtzcfG650,Staff
cstopforthij,gngywL496,Guest
spleasanceik,knyzsC356,Guest
bgrigoreil,kujbjE233,Guest
rannetsim,chkpeB518,Guest
kdartnellin,jtlwpK232,Guest
nrederio,czszvC476,Staff
lkasparskiip,wkrhaT436,Guest
lkalaheriq,ourakY283,Guest
lpickerellir,pxwpdQ339,Guest
rquadlingis,cqiydX300,Staff
nstrobandit,lfftsM017,Guest
ksarsoniu,rqxsmU703,Guest
hsanchoiv,crgauW049,Guest
dgerringiw,slutwR560,Guest
joreheadix,iablyI533,Guest
aaspelliy,kzvunA007,Guest
schasoniz,jqueeA921,Staff
ecrothersj0,ocmyvR974,Staff
mrubbertsj1,kjnrwK707,Guest
asoallj2,pjedmH675,Guest
vsussemsj3,dtbgpX827,Staff
ccunningtonj4,ayccsV325,Staff
mhillbornej5,vcjspM601,Staff
acoopperj6,eswltE705,Staff
gjagielskij7,tbettH375,Guest
ohanabyj8,iphmkS654,Staff
wairthj9,spvgkO671,Guest
opielja,ulhmdH988,Staff
tgascoignejb,nbernC342,Guest
wdulwitchjc,nyufbB287,Guest
kbardeyjd,lsbtkH829,Guest
sgraystonje,ivdpmQ403,Staff
ssebringjf,rjqpdD394,Guest
bcannopjg,vmxwiN319,Guest
avanyarkinjh,xfttvR544,Staff
fwhanstallji,yomqtV830,Guest
mdillestonjj,pvapaC793,Guest
lvittlejk,amwvpV288,Guest
sshivelljl,atlylU013,Guest
aprichardjm,nrhnzE713,Guest
gdavydkovjn,guptsC084,Guest
kstatejo,mmizrY037,Guest
mguyjp,fsjymY769,Guest
rrubbertjq,jvipvV604,Guest
fgaleyjr,wwbihS432,Staff
ucrepeljs,xwpgxV678,Guest
ayesinovjt,arfwxZ374,Guest
gruberyju,gomyhQ612,Guest
dparchmentjv,oleanO891,Guest
pgladdolphjw,muafcU582,Staff
sspadollinijx,lzihvZ393,Guest
bklewijy,pljtyC134,Guest
bvankeevjz,acuapO105,Guest
mbrandenburgk0,bwjibP452,Staff
cmarcussenk1,vlauqU718,Guest
bmatterdacek2,lmujiW105,Guest
tfyndonk3,qncbjF175,Guest
caylmorek4,ydssvL522,Guest
mpyffek5,coccgJ668,Staff
afloodgatek6,nifdeX144,Guest
ctheurerk7,ysjwbQ291,Guest
mdjorvick8,anmliS607,Guest
ckornask9,fzzsqR467,Staff
jshippardka,bpdrjH825,Guest
sdecastelainkb,fexjxA882,Staff
lwoodroofkc,clcnpJ605,Staff
cdumbellkd,wykitL563,Guest
lfinlasonke,dafkoD265,Guest
igribbellkf,plplbO307,Guest
blohdenkg,xeutbT847,Staff
slewerkh,exbujJ450,Staff
gandellki,wowjjR519,Guest
afuzzeykj,syftxW712,Staff
bstoltingkk,jwgeoS663,Guest
kciccettikl,ekjwwU203,Guest
llakerkm,skncoO572,Staff
rpatnellikn,puhyuN054,Staff
ipikettko,czppsY087,Guest
bjakobssenkp,trpavC420,Guest
tfurmongerkq,mnrxcI725,Guest
apodmorekr,grxheF922,Guest
fhendrichsks,tkbonR738,Guest
lgiraudouxkt,gafhyM436,Guest
fslaymakerku,hfzegH542,Guest
ripsgravekv,ntzsvH814,Guest
apendrickkw,sajuaC717,Guest
nmcgarrykx,faaboZ642,Guest
mjumpky,dblkfL553,Staff
bbackenkz,zqdrmY058,Staff
vteazl0,vikibF887,Staff
ublowersl1,bjikaL419,Guest
sordishl2,mvxewZ259,Guest
zboynl3,abokqX925,Staff
sboxerl4,bdrltS537,Guest
nclairl5,nvqarJ161,Guest
lnelthorpl6,odczrB712,Guest
cfeatherl7,noozwV074,Guest
bdachl8,yanibM811,Guest
lcaustickl9,qqiatC371,Guest
apepperillla,pfwoiZ829,Staff
ckluglb,ttmhsB317,Guest
hrizonlc,iapbmE763,Guest
gspacield,dkcxdV767,Guest
bwarrackle,joufpZ263,Staff
kvergolf,elvzyJ073,Staff
scoucherlg,jnvngR117,Guest
abeertlh,euezpY288,Guest
mpregalli,kwwqkF084,Guest
tleaburnlj,jywzcA253,Guest
cchethamlk,qpqpnL100,Staff
kzanuttill,annjjF802,Guest
qkochslm,ceeeoQ107,Guest
mjancarln,xtyetP550,Guest
lblucklo,leoabF006,Guest
msamsonlp,ghkqkX428,Guest
jhalsonlq,vnnccL567,Guest
rlardinerlr,mfyvmW784,Guest
dlaverickls,oxjcwQ748,Guest
ksavillt,yyhldZ312,Guest
dmcfaullu,khllbY500,Guest
jrenardlv,fgeteR360,Staff
vdunbarlw,gwzrsT313,Staff
etummasuttilx,wydufI923,Guest
coldamly,otvdtU788,Guest
fguisotlz,juhodL338,Guest
olindberghm0,ubatwC900,Guest
disaqm1,xsxtzR600,Guest
adelaprellem2,hsgwuB697,Staff
mdanniellm3,cegnpB752,Guest
ksanctom4,ocmsdC848,Guest
cmcgaughaym5,ebgcpU801,Guest
jshearwoodm6,htobxW516,Staff
gblundonm7,xprjyD610,Staff
aperfordm8,iuyyiP556,Staff
tquakleym9,twikdN895,Staff
lstroderma,yuizsK779,Guest
rbullanmb,vhpyzU812,Guest
manniesmc,zbcauF090,Staff
cclaussonmd,vafwaB742,Staff
blongstreethme,nytxzL772,Guest
tgriegmf,cwuyqA048,Guest
mletchfordmg,sbxehM646,Staff
jbardmh,nqdxrG972,Guest
shuntmi,jvkpdH864,Staff
jperinmj,suojwF653,Guest
poloughranmk,kwwmeP758,Staff
scaisleyml,frkifB516,Guest
kjaquissmm,uhtkcR967,Guest
tmycockmn,pdyltN633,Guest
abunnellmo,atcrmR350,Staff
pbatripmp,kfojuU775,Guest
gbritlandmq,vbgknQ773,Staff
ssutehallmr,bluydI298,Staff
ksainsburybrownms,ybkfnJ845,Guest
dlarouxmt,fqloeC902,Staff
mhambymu,qpvddR254,Guest
myurmanovevmv,dncgsT251,Guest
bwisbeymw,kzgwhW808,Guest
tgawithmx,ovmnnK762,Staff
emanvellemy,izspkM641,Guest
rreucastlemz,piiccV983,Guest
cpfefflen0,ulpkzP614,Staff
tturrilln1,ubgieF857,Guest
jbilstonn2,bibffG838,Guest
fwagstaffn3,mviqvR129,Guest
gwhitlamn4,uzwdeO069,Guest
rthorbyn5,aosziP339,Guest
aewebankn6,hdqrmM799,Guest
bottosenn7,uknjcY092,Guest
bdecarteretn8,zepoqB308,Guest
gseiden9,znyfvM581,Guest
qsparshottna,fiettQ041,Staff
bgriefnb,ffwadW714,Guest
gblownc,rjwwpN131,Guest
dradfordnd,tocxtO106,Guest
jmaffeone,vsifpH486,Staff
yoscandallnf,fudrsF138,Staff
kbraleyng,blpgnP301,Guest
blabounenh,uzjulY469,Guest
mkubiakni,ojuvmT383,Staff
wsapautonnj,ohctiO989,Staff
dfilernk,kjkggU757,Guest
rmudgenl,arluiW242,Staff
dmeasornm,gkxjkC215,Staff
mgooderenn,uiwurO320,Staff
kfallensno,bhippO559,Guest
mmincininp,ybdgiS300,Guest
jbenznq,ssnqhZ171,Guest
dblatherwicknr,duxagA927,Staff
gmcluckiens,vitjfJ866,Guest
apearminent,eiepuC394,Staff
fnunesnabarronu,svobwD451,Guest
isheldricknv,otloqW038,Guest
gglaubernw,gxkwcC819,Staff
sbaldinx,cbsfbM014,Guest
gmorrissny,oynjbC153,Guest
rpenkethmannz,rgredY109,Guest
aflowetho0,jjryaB680,Guest
gemblino1,chkkiI681,Guest
dwylamo2,gppisI359,Staff
rjacketto3,cmyvkS759,Guest
nwigginso4,lunotW697,Guest
ncreaneo5,lsapuO837,Guest
cgrinyovo6,tfwqeP994,Guest
sfriatto7,abhdgY419,Guest
elaveno8,okmuaQ452,Guest
ttwiggso9,qijqfM021,Guest
cbewlieoa,puuwfA033,Guest
wportisob,webmmW636,Guest
mcoulbeckoc,jljqiR823,Guest
bstandenod,kzfvaR212,Guest
amillionoe,ccbcrS965,Guest
dsegoof,lfrdiO284,Guest
epettecrewog,awqgiF233,Staff
lcalafateoh,pzodvZ565,Staff
cdrohanoi,vgwwmZ220,Guest
dlefevreoj,rlyslJ092,Guest
lcupittok,ztdfnR876,Guest
dtoffolool,fasaeK637,Staff
lluxfordom,swfwdQ701,Staff
rchildson,lheohR698,Staff
ahaggerstonoo,sjgflA352,Guest
cnunsonop,fsehaE591,Guest
bblakeboroughoq,mwxygM066,Guest
gcranidgeor,dwdxiB316,Staff
cdaventryos,qgxwiI144,Guest
babramcikot,krhpuW705,Guest
amccaskellou,wmyqfH321,Guest
gvannucciov,nnwlnP940,Guest
mharmow,riuumH063,Staff
uharvardox,fyvrxY945,Guest
ltoppoy,pobpdE577,Guest
nbrongeroz,ldilhU925,Guest
eforwardp0,bnqovG537,Guest
skincaidp1,ubfmkF455,Guest
boxbep2,bjcroM004,Guest
khasluckp3,nauduI500,Staff
cbowldp4,ghjdrD839,Guest
wabelep5,juixoV968,Guest
mliggonsp6,sfruiB648,Guest
cbuftonp7,zxyroZ476,Guest
esowerbyp8,qzhpyH509,Guest
ayounghusbandp9,otvqeM121,Staff
ggeikiepa,vazrhH632,Staff
sbedbroughpb,aqcmhY105,Staff
csumnerpc,xffmbO989,Guest
ocremenpd,lbgstT022,Guest
gsanthousepe,zezcnV041,Guest
schesserpf,sqfbmK378,Guest
odrysdallpg,geecxD331,Guest
bjarradph,trtrbL733,Staff
jpulfordpi,dlfpiH996,Guest
hmorricepj,xzhloP350,Staff
myetmanpk,lnjuaB379,Staff
rferridaypl,hgwbkL157,Guest
cborehampm,hriptR377,Guest
wroskampn,rqfqsX514,Guest
mbiddlepo,yacjgB847,Guest
gedwardspp,harfqL797,Staff
kshambrokepq,yctmgY352,Guest
kbartlampr,kvmpmQ622,Staff
tcorgenvinps,mqzqoN302,Guest
bcammackept,yfcznX430,Guest
rbaitsonpu,fwkhuQ924,Guest
gjakelpv,dmfkxL752,Staff
rmarsiepw,nohfeQ170,Guest
dlandispx,dfcsvZ011,Guest
bgoodlippy,hczdsO050,Staff
srutiglianopz,vlfroD330,Guest
ddarrachq0,qzcjeC142,Guest
tlobbeq1,pyburC222,Guest
yrefordq2,bebtrD175,Guest
cvoletteq3,kikynR290,Guest
kcoalbranq4,pumguC522,Staff
kghiriardelliq5,caynoC353,Guest
bburvillq6,grpziA871,Guest
ivalentinoq7,zwqamQ448,Guest
bjeakinsq8,zslshE854,Staff
lparbrookq9,jnqutJ417,Guest
fshillinglawqa,onpjjS410,Guest
mscampqb,azpvtV300,Guest
sellerqc,gsuosZ766,Guest
dropkingqd,qmrmlB392,Staff
ksignqe,xdxgrT272,Guest
mtabourelqf,vtgesT705,Guest
dstrewtherqg,phevcC022,Staff
egeorgeqh,awscjQ110,Guest
ksamwayeqi,noyrtT430,Staff
bnornableqj,ahcbuB040,Guest
lpiroliniqk,hrqgsJ386,Guest
gstenerql,hcjgoT340,Staff
uamthorqm,phbwdI464,Guest
mduesterqn,mxcjiJ651,Staff
noniansqo,xjvjbA893,Guest
jwhitfeldqp,cgrbtW804,Staff
dciccoqq,ebrylH997,Guest
gvinesqr,kyqijU425,Staff
vspeirqs,mhbojW640,Guest
arippingaleqt,ehbwjQ227,Staff
mgerlackqu,rzdcyW651,Staff
jludmanqv,jhpolI059,Guest
ebradfordqw,znpwbZ042,Staff
fbeallqx,ycphkG762,Guest
nstirlandqy,yxmajK177,Guest
swoodbridgeqz,aelqaY545,Guest
smchanr0,lufioI766,Guest
tspatar1,wwfktF063,Guest
kfelcer2,vbptyQ258,Staff
mgowthorper3,rakecO627,Staff
hyerburyr4,pwfhvM142,Guest
hcastillor5,vaivlA337,Guest
kmumbyr6,uijrgB690,Guest
fcreffieldr7,bgrivR277,Guest
dbosketr8,bemuyL626,Guest
srichemontr9,xtadgZ151,Guest
snicholsonra,agwteV254,Guest
hluffmanrb,euazwS965,Guest
lloveguardrc,xsuoaH635,Guest
smonnoyerrd,niypiV781,Staff
nbensteadre,plhcnC418,Guest
dkindallrf,lgslsS262,Guest
jyirrellrg,yytxqB875,Guest
gbenediktssonrh,nrgxiI799,Guest
dsteaningri,wcfcuN622,Guest
egabbyrj,uytrgT327,Guest
vspringhamrk,hhcvdO451,Staff
kjedrychowskirl,satabX070,Guest
vfordycerm,nhhzkH756,Guest
gjannaschrn,ffsbpA688,Guest
htempertonro,psaboA802,Guest
jpenwardenrp,cubxgZ608,Guest
kleavyrq,ojnfiD989,Guest
lclayillrr,ljmviR767,Guest
